Workbook

Sheet Results_OIH
A1: Day | B1: Hour | C1: Price | D1: Occupancy_R1 | E1: Occupancy_R2 | F1: Temp_Room1 | G1: Temp_Room2 | H1: Power_Heater1 | I1: Power_Heater2 | J1: Ventilation_On | K1: Humidity
A2: 1 | B2: 0 | C2: 5.8313036 | D2: 32.969098 | E2: 15.471041 | F2: 21 | G2: 21 | H2: 0 | I2: 0 | J2: 0 | K2: 40
A3: 1 | B3: 1 | C3: 4.3111885 | D3: 34.098942 | E3: 19.416995 | F3: 19.259382 | G3: 18.909421 | H3: 0.43725919 | I3: 0.62590979 | J3: 0 | K3: 48.719225
A4: 1 | B4: 2 | C4: 3.5246641 | D4: 33.617007 | E4: 20.76038 | F4: 18 | G4: 18 | H4: 1.920365 | I4: 0.0081506266 | J4: 1 | K4: 58.352093
A5: 1 | B5: 3 | C5: 3.027218 | D5: 35.445151 | E5: 24.827505 | F5: 18 | G5: 15.830653 | H5: 3 | I5: 3 | J5: 1 | K5: 53.140023
A6: 1 | B6: 4 | C6: 3.0825597 | D6: 32.503181 | E6: 30 | F6: 18 | G6: 18.438451 | H6: 2.8099252 | I6: 3 | J6: 1 | K6: 48.989101
A7: 1 | B7: 5 | C7: 3.3083679 | D7: 30.244813 | E7: 29.734117 | F7: 19.465765 | G7: 19.47424 | H7: 3 | I7: 3 | J7: 1 | K7: 45.239674
A8: 1 | B8: 6 | C8: 4.1923011 | D8: 24.592165 | E8: 29.678559 | F8: 20.72917 | G8: 20.716413 | H8: 0 | I8: 3 | J8: 0 | K8: 41.035881
A9: 1 | B9: 7 | C9: 5.470418 | D9: 25.693216 | E9: 25.438845 | F9: 19.383147 | G9: 22.488702 | H9: 0 | I9: 0 | J9: 0 | K9: 50.804612
A10: 1 | B10: 8 | C10: 6.3308399 | D10: 29.555435 | E10: 22.523491 | F10: 19.914735 | G10: 18.977981 | H10: 0.14038728 | I10: 0 | J10: 0 | K10: 60.008383
A11: 1 | B11: 9 | C11: 7.0476612 | D11: 26.972916 | E11: 18.750108 | F11: 18 | G11: 18 | H11: 0 | I11: 0 | J11: 0 | K11: 69.382589
A12: 2 | B12: 0 | C12: 5.1575355 | D12: 25.734241 | E12: 16.144992 | F12: 21 | G12: 21 | H12: 3 | I12: 3 | J12: 0 | K12: 40
A13: 2 | B13: 1 | C13: 7.332153 | D13: 22.844536 | E13: 19.673001 | F13: 22.114685 | G13: 21.9229 | H13: 0 | I13: 0 | J13: 0 | K13: 47.538262
... A1001: 100 | B1001: 9 | C1001: 7.2743582 | D1001: 35.973271 | E1001: 25.288951 | F1001: 18 | G1001: 18 | H1001: 0 | I1001: 0 | J1001: 1 | K1001: 73.195392

Sheet Results_in_hindisght
A1: Day | B1: Hour | C1: Price | D1: Occupancy_R1 | E1: Occupancy_R2 | F1: Temp_Room1 | G1: Temp_Room2 | H1: Power_Heater1 | I1: Power_Heater2 | J1: Ventilation_On | K1: Humidity
A2: 1 | B2: 0 | C2: 5.8313036 | D2: 32.969098 | E2: 15.471041 | F2: 21 | G2: 21 | H2: 0 | I2: 0 | J2: 0 | K2: 40
A3: 1 | B3: 1 | C3: 4.3111885 | D3: 34.098942 | E3: 19.416995 | F3: 19.259382 | G3: 18.909421 | H3: 0.43725919 | I3: 0.62590979 | J3: 0 | K3: 48.719225
A4: 1 | B4: 2 | C4: 3.5246641 | D4: 33.617007 | E4: 20.76038 | F4: 18 | G4: 18 | H4: 1.920365 | I4: 0.0081506266 | J4: 1 | K4: 58.352093
A5: 1 | B5: 3 | C5: 3.027218 | D5: 35.445151 | E5: 24.827505 | F5: 18 | G5: 15.830653 | H5: 3 | I5: 3 | J5: 1 | K5: 53.140023
A6: 1 | B6: 4 | C6: 3.0825597 | D6: 32.503181 | E6: 30 | F6: 18 | G6: 18.438451 | H6: 2.8099252 | I6: 3 | J6: 1 | K6: 48.989101
A7: 1 | B7: 5 | C7: 3.3083679 | D7: 30.244813 | E7: 29.734117 | F7: 19.465765 | G7: 19.47424 | H7: 3 | I7: 3 | J7: 1 | K7: 45.239674
A8: 1 | B8: 6 | C8: 4.1923011 | D8: 24.592165 | E8: 29.678559 | F8: 20.72917 | G8: 20.716413 | H8: 0 | I8: 3 | J8: 0 | K8: 41.035881
A9: 1 | B9: 7 | C9: 5.470418 | D9: 25.693216 | E9: 25.438845 | F9: 19.383147 | G9: 22.488702 | H9: 0 | I9: 0 | J9: 0 | K9: 50.804612
A10: 1 | B10: 8 | C10: 6.3308399 | D10: 29.555435 | E10: 22.523491 | F10: 19.914735 | G10: 18.977981 | H10: 0.14038728 | I10: 0 | J10: 0 | K10: 60.008383
A11: 1 | B11: 9 | C11: 7.0476612 | D11: 26.972916 | E11: 18.750108 | F11: 18 | G11: 18 | H11: 0 | I11: 0 | J11: 0 | K11: 69.382589
A12: 2 | B12: 0 | C12: 5.1575355 | D12: 25.734241 | E12: 16.144992 | F12: 21 | G12: 21 | H12: 3 | I12: 3 | J12: 0 | K12: 40
A13: 2 | B13: 1 | C13: 7.332153 | D13: 22.844536 | E13: 19.673001 | F13: 22.114685 | G13: 21.9229 | H13: 0 | I13: 0 | J13: 0 | K13: 47.538262
... A1001: 100 | B1001: 9 | C1001: 7.2743582 | D1001: 35.973271 | E1001: 25.288951 | F1001: 18 | G1001: 18 | H1001: 0 | I1001: 0 | J1001: 1 | K1001: 73.195392

Sheet comparison
A1: Day | B1: Hour | C1: Temp_Room1 | D1: Temp_Room2 | E1: Power_Heater1 | F1: Power_Heater2 | G1: Ventilation_On | H1: Humidity
A2: 1 | B2: 0 | C2: =Results_OIH!F2 - Results_in_hindisght!F2 -> 0 | D2: =Results_OIH!G2 - Results_in_hindisght!G2 -> 0 | E2: =Results_OIH!H2 - Results_in_hindisght!H2 -> 0 | F2: =Results_OIH!I2 - Results_in_hindisght!I2 -> 0 | G2: =Results_OIH!J2 - Results_in_hindisght!J2 -> 0 | H2: =Results_OIH!K2 - Results_in_hindisght!K2 -> 0
A3: 1 | B3: 1 | C3: =Results_OIH!F3 - Results_in_hindisght!F3 -> 0 | D3: =Results_OIH!G3 - Results_in_hindisght!G3 -> 0 | E3: =Results_OIH!H3 - Results_in_hindisght!H3 -> 9.9920072e-16 | F3: =Results_OIH!I3 - Results_in_hindisght!I3 -> 0 | G3: =Results_OIH!J3 - Results_in_hindisght!J3 -> 0 | H3: =Results_OIH!K3 - Results_in_hindisght!K3 -> 0
A4: 1 | B4: 2 | C4: =Results_OIH!F4 - Results_in_hindisght!F4 -> 0 | D4: =Results_OIH!G4 - Results_in_hindisght!G4 -> 0 | E4: =Results_OIH!H4 - Results_in_hindisght!H4 -> 0 | F4: =Results_OIH!I4 - Results_in_hindisght!I4 -> -1.110223e-16 | G4: =Results_OIH!J4 - Results_in_hindisght!J4 -> 0 | H4: =Results_OIH!K4 - Results_in_hindisght!K4 -> 0
A5: 1 | B5: 3 | C5: =Results_OIH!F5 - Results_in_hindisght!F5 -> 0 | D5: =Results_OIH!G5 - Results_in_hindisght!G5 -> 0 | E5: =Results_OIH!H5 - Results_in_hindisght!H5 -> 1.0214052e-14 | F5: =Results_OIH!I5 - Results_in_hindisght!I5 -> 0 | G5: =Results_OIH!J5 - Results_in_hindisght!J5 -> 0 | H5: =Results_OIH!K5 - Results_in_hindisght!K5 -> -9.9475983e-14
A6: 1 | B6: 4 | C6: =Results_OIH!F6 - Results_in_hindisght!F6 -> 0 | D6: =Results_OIH!G6 - Results_in_hindisght!G6 -> 0 | E6: =Results_OIH!H6 - Results_in_hindisght!H6 -> 0 | F6: =Results_OIH!I6 - Results_in_hindisght!I6 -> 0 | G6: =Results_OIH!J6 - Results_in_hindisght!J6 -> 0 | H6: =Results_OIH!K6 - Results_in_hindisght!K6 -> -9.9475983e-14
A7: 1 | B7: 5 | C7: =Results_OIH!F7 - Results_in_hindisght!F7 -> 0 | D7: =Results_OIH!G7 - Results_in_hindisght!G7 -> 0 | E7: =Results_OIH!H7 - Results_in_hindisght!H7 -> 1.0214052e-14 | F7: =Results_OIH!I7 - Results_in_hindisght!I7 -> 0 | G7: =Results_OIH!J7 - Results_in_hindisght!J7 -> 0 | H7: =Results_OIH!K7 - Results_in_hindisght!K7 -> 0
A8: 1 | B8: 6 | C8: =Results_OIH!F8 - Results_in_hindisght!F8 -> 0 | D8: =Results_OIH!G8 - Results_in_hindisght!G8 -> 0 | E8: =Results_OIH!H8 - Results_in_hindisght!H8 -> 0 | F8: =Results_OIH!I8 - Results_in_hindisght!I8 -> 0 | G8: =Results_OIH!J8 - Results_in_hindisght!J8 -> 0 | H8: =Results_OIH!K8 - Results_in_hindisght!K8 -> 0
A9: 1 | B9: 7 | C9: =Results_OIH!F9 - Results_in_hindisght!F9 -> 9.9475983e-14 | D9: =Results_OIH!G9 - Results_in_hindisght!G9 -> 0 | E9: =Results_OIH!H9 - Results_in_hindisght!H9 -> 0 | F9: =Results_OIH!I9 - Results_in_hindisght!I9 -> 0 | G9: =Results_OIH!J9 - Results_in_hindisght!J9 -> 0 | H9: =Results_OIH!K9 - Results_in_hindisght!K9 -> -9.9475983e-14
A10: 1 | B10: 8 | C10: =Results_OIH!F10 - Results_in_hindisght!F10 -> 0 | D10: =Results_OIH!G10 - Results_in_hindisght!G10 -> 0 | E10: =Results_OIH!H10 - Results_in_hindisght!H10 -> 2.9976022e-15 | F10: =Results_OIH!I10 - Results_in_hindisght!I10 -> 0 | G10: =Results_OIH!J10 - Results_in_hindisght!J10 -> 0 | H10: =Results_OIH!K10 - Results_in_hindisght!K10 -> -9.9475983e-14
A11: 1 | B11: 9 | C11: =Results_OIH!F11 - Results_in_hindisght!F11 -> 0 | D11: =Results_OIH!G11 - Results_in_hindisght!G11 -> 0 | E11: =Results_OIH!H11 - Results_in_hindisght!H11 -> 0 | F11: =Results_OIH!I11 - Results_in_hindisght!I11 -> 0 | G11: =Results_OIH!J11 - Results_in_hindisght!J11 -> 0 | H11: =Results_OIH!K11 - Results_in_hindisght!K11 -> 0
A12: 2 | B12: 0 | C12: =Results_OIH!F12 - Results_in_hindisght!F12 -> 0 | D12: =Results_OIH!G12 - Results_in_hindisght!G12 -> 0 | E12: =Results_OIH!H12 - Results_in_hindisght!H12 -> 0 | F12: =Results_OIH!I12 - Results_in_hindisght!I12 -> 0 | G12: =Results_OIH!J12 - Results_in_hindisght!J12 -> 0 | H12: =Results_OIH!K12 - Results_in_hindisght!K12 -> 0
A13: 2 | B13: 1 | C13: =Results_OIH!F13 - Results_in_hindisght!F13 -> 0 | D13: =Results_OIH!G13 - Results_in_hindisght!G13 -> 0 | E13: =Results_OIH!H13 - Results_in_hindisght!H13 -> 0 | F13: =Results_OIH!I13 - Results_in_hindisght!I13 -> 0 | G13: =Results_OIH!J13 - Results_in_hindisght!J13 -> 0 | H13: =Results_OIH!K13 - Results_in_hindisght!K13 -> 0
... A1001: 100 | B1001: 9 | C1001: =Results_OIH!F1001 - Results_in_hindisght!F1001 -> 0 | D1001: =Results_OIH!G1001 - Results_in_hindisght!G1001 -> 0 | E1001: =Results_OIH!H1001 - Results_in_hindisght!H1001 -> 0 | F1001: =Results_OIH!I1001 - Results_in_hindisght!I1001 -> 0 | G1001: =Results_OIH!J1001 - Results_in_hindisght!J1001 -> 0 | H1001: =Results_OIH!K1001 - Results_in_hindisght!K1001 -> 0
A1002: =Results_OIH!A1002 - Results_in_hindisght!A1002 -> 0 | B1002: =Results_OIH!B1002 - Results_in_hindisght!B1002 -> 0 | C1002: =Results_OIH!F1002 - Results_in_hindisght!F1002 -> 0 | D1002: =Results_OIH!G1002 - Results_in_hindisght!G1002 -> 0 | E1002: =Results_OIH!H1002 - Results_in_hindisght!H1002 -> 0 | F1002: =Results_OIH!I1002 - Results_in_hindisght!I1002 -> 0 | G1002: =Results_OIH!J1002 - Results_in_hindisght!J1002 -> 0 | H1002: =Results_OIH!K1002 - Results_in_hindisght!K1002 -> 0
A1003: =Results_OIH!A1003 - Results_in_hindisght!A1003 -> 0 | B1003: =Results_OIH!B1003 - Results_in_hindisght!B1003 -> 0 | C1003: =Results_OIH!F1003 - Results_in_hindisght!F1003 -> 0 | D1003: =Results_OIH!G1003 - Results_in_hindisght!G1003 -> 0 | E1003: =Results_OIH!H1003 - Results_in_hindisght!H1003 -> 0 | F1003: =Results_OIH!I1003 - Results_in_hindisght!I1003 -> 0 | G1003: =Results_OIH!J1003 - Results_in_hindisght!J1003 -> 0 | H1003: =Results_OIH!K1003 - Results_in_hindisght!K1003 -> 0
